{
    "validation loss": 1.3522071838378906,
    "validation acc": 0.6666666865348816,
    "test loss": 2.366516351699829,
    "test acc": 0.5
}