{
    "validation loss": 1.1755659580230713,
    "validation acc": 0.6260762810707092,
    "test loss": 1.8598954677581787,
    "test acc": 0.5192307829856873
}