{
    "test loss": 1.8598954677581787,
    "test acc": 0.5192307829856873
}